notice_id_a,notice_id_b,label,adjudicated_by,adjudicated_on
N010018,N010020,same,ops6,2025-03-28
N007876,N008565,different,ops1,2025-04-30
N005451,N005452,same,ops2,2025-03-24
N008464,N010231,different,ops6,2025-08-20
N000420,N001104,different,ops2,2025-08-23
N004781,N005219,different,ops5,2025-06-26
N007021,N010547,different,ops1,2025-07-20
N004413,N008734,different,ops4,2025-04-08
N007783,N007784,same,ops1,2025-03-14
N001104,N001107,same,ops2,2025-09-03
N006958,N006959,same,ops2,2025-07-15
N003107,N007431,different,ops2,2025-08-13
N010497,N011446,different,ops1,2025-08-03
N002561,N003545,different,ops3,2025-07-04
N004217,N007965,different,ops5,2025-04-26
N006099,N006100,same,ops2,2025-03-18
N009010,N009562,different,ops1,2025-07-08
N005332,N005333,same,ops1,2025-05-10
N008288,N010448,different,ops1,2025-08-18
N002391,N009409,different,ops6,2025-04-11
N001001,N007428,different,ops4,2025-08-13
N002919,N002920,same,ops1,2025-06-10
N007223,N008301,different,ops3,2025-06-25
N005352,N007867,different,ops3,2025-04-20
N007893,N007894,same,ops6,2025-05-08
N002670,N007972,different,ops5,2025-03-27
N006038,N008642,different,ops4,2025-08-14
N004523,N007453,different,ops4,2025-08-06
N006491,N010563,different,ops4,2025-03-02
N002902,N010086,different,ops1,2025-03-01
N001013,N003939,different,ops5,2025-03-22
N002612,N004456,different,ops1,2025-05-11
N003308,N005945,different,ops5,2025-08-24
N002811,N007128,different,ops6,2025-06-20
N007478,N011108,different,ops5,2025-09-12
N001760,N001761,same,ops2,2025-09-10
N004944,N009237,different,ops2,2025-04-30
N008261,N008262,same,ops3,2025-07-11
N003630,N009918,different,ops1,2025-09-15
N003948,N008608,different,ops1,2025-04-21
N008997,N008998,same,ops3,2025-07-23
N004789,N005917,different,ops5,2025-07-15
N003672,N008071,different,ops1,2025-04-25
N009235,N009236,same,ops1,2025-05-04
N001817,N002597,different,ops6,2025-08-18
N000985,N000986,same,ops2,2025-05-24
N000993,N010660,different,ops1,2025-03-12
N003269,N010318,different,ops3,2025-06-08
N011750,N011966,different,ops6,2025-06-30
N010357,N010360,same,ops2,2025-05-24
N001163,N001165,same,ops4,2025-04-20
N011255,N011732,different,ops2,2025-08-16
N007191,N011803,different,ops4,2025-08-06
N003422,N008330,different,ops2,2025-03-09
N004762,N011915,different,ops4,2025-06-20
N006325,N006326,same,ops3,2025-08-18
N003658,N003661,same,ops4,2025-04-10
N010135,N010136,same,ops2,2025-05-08
N003079,N011928,different,ops2,2025-08-30
N000268,N009659,different,ops3,2025-09-13
N001173,N001174,same,ops3,2025-08-22
N004065,N007546,different,ops1,2025-08-06
N000702,N007932,different,ops2,2025-08-04
N009387,N009517,different,ops6,2025-05-29
N000358,N007166,different,ops1,2025-03-13
N007841,N011872,different,ops3,2025-03-04
N000576,N000577,same,ops6,2025-07-05
N003372,N008041,different,ops3,2025-08-16
N006470,N009323,different,ops3,2025-08-31
N001685,N001686,same,ops6,2025-07-02
N002358,N005690,different,ops4,2025-07-30
N002216,N002218,same,ops3,2025-05-01
N003837,N007101,different,ops1,2025-04-29
N008995,N010419,different,ops5,2025-07-23
N001394,N003813,different,ops2,2025-09-04
N003816,N009648,different,ops6,2025-07-18
N000883,N003126,different,ops3,2025-08-02
N010748,N011807,different,ops5,2025-06-22
N006050,N007874,different,ops6,2025-09-03
N011687,N011688,same,ops2,2025-08-29
N000036,N011140,different,ops5,2025-03-23
N000051,N000052,same,ops5,2025-07-21
N001105,N007889,different,ops6,2025-06-30
N004491,N004492,same,ops5,2025-06-02
N004978,N009682,different,ops2,2025-05-14
N008379,N008380,same,ops3,2025-06-26
N001189,N011628,different,ops3,2025-04-21
N000183,N001889,different,ops5,2025-05-29
N006225,N006227,same,ops4,2025-07-09
N002447,N007313,different,ops1,2025-03-14
N005321,N005322,same,ops3,2025-06-23
N004563,N004564,same,ops1,2025-09-16
N001497,N001498,same,ops2,2025-05-15
N002729,N008105,different,ops6,2025-09-16
N000314,N008220,different,ops5,2025-05-16
N001902,N009227,different,ops4,2025-07-24
N001376,N009439,different,ops5,2025-04-28
N003019,N009498,different,ops5,2025-03-08
N003883,N004988,different,ops3,2025-06-22
N004822,N007764,different,ops3,2025-09-13
N000255,N007615,different,ops4,2025-03-25
N005676,N011302,different,ops2,2025-08-17
N003403,N007889,different,ops2,2025-03-22
N002476,N005891,different,ops5,2025-03-13
N004988,N009224,different,ops6,2025-04-02
N001677,N011151,different,ops1,2025-08-01
N006731,N006732,same,ops1,2025-06-28
N002200,N009548,different,ops4,2025-04-13
N001873,N001874,same,ops5,2025-08-31
N006820,N010293,different,ops3,2025-05-15
N004096,N007060,different,ops6,2025-03-17
N003135,N003543,different,ops5,2025-07-24
N006564,N007387,different,ops6,2025-08-11
N004906,N008027,different,ops2,2025-08-02
N000145,N007083,different,ops3,2025-04-16
N008087,N008088,same,ops5,2025-08-23
N007153,N007701,different,ops6,2025-04-16
N010825,N010826,same,ops5,2025-06-03
N006905,N006906,same,ops4,2025-07-31
N001863,N002786,different,ops6,2025-04-01
N001735,N005403,different,ops3,2025-05-18
N009982,N009985,same,ops3,2025-04-18
N008801,N011616,different,ops6,2025-06-18
N003201,N011795,different,ops3,2025-08-30
N009040,N010335,different,ops4,2025-06-10
N000276,N000278,same,ops3,2025-06-24
N001338,N001340,same,ops2,2025-04-25
N011118,N011119,same,ops5,2025-06-30
N000768,N000770,same,ops2,2025-06-06
N001515,N006807,different,ops5,2025-08-08
N009100,N009150,different,ops1,2025-06-11
N000437,N010413,different,ops3,2025-08-28
N008497,N008498,same,ops2,2025-09-07
N007145,N007146,same,ops3,2025-08-06
N007053,N010560,different,ops5,2025-06-11
N008280,N010910,different,ops2,2025-09-07
N001364,N001365,same,ops5,2025-05-18
N001075,N009237,different,ops5,2025-08-11
N003268,N007976,different,ops2,2025-03-25
N004168,N004169,same,ops5,2025-09-11
N003317,N011369,different,ops2,2025-05-31
N002748,N011595,different,ops6,2025-08-23
N000873,N002331,different,ops5,2025-04-06
N009379,N009380,same,ops3,2025-06-29
N007382,N009541,different,ops1,2025-03-04
N006828,N011568,different,ops4,2025-04-21
N005210,N009890,different,ops4,2025-05-06
N009046,N010077,different,ops3,2025-08-28
N000659,N006306,different,ops5,2025-03-28
N005472,N007849,different,ops2,2025-06-26
N007681,N009555,different,ops5,2025-09-02
N007201,N010116,different,ops3,2025-06-03
N002665,N004599,different,ops1,2025-08-05
N007557,N008376,different,ops3,2025-08-07
N000189,N001381,different,ops3,2025-08-26
N004220,N007941,different,ops3,2025-06-26
N002036,N008928,different,ops6,2025-03-05
N003662,N010020,different,ops1,2025-05-14
N004066,N006280,different,ops5,2025-05-29
N005647,N010086,different,ops2,2025-09-08
N002586,N006131,different,ops5,2025-07-20
N004043,N004969,different,ops2,2025-09-16
N010853,N010857,same,ops1,2025-06-07
N000202,N007774,different,ops6,2025-05-07
N002852,N002853,same,ops4,2025-03-20
N008049,N010976,different,ops5,2025-07-08
N010028,N010039,different,ops4,2025-08-12
N004028,N010035,different,ops3,2025-03-06
N001702,N010946,different,ops3,2025-05-20
N008791,N008803,different,ops5,2025-03-28
N000684,N004640,different,ops2,2025-04-21
N011929,N011930,same,ops5,2025-05-18
N003860,N004075,different,ops4,2025-06-30
N003884,N007431,different,ops3,2025-05-14
N002204,N007953,different,ops4,2025-08-30
N005664,N005666,same,ops5,2025-08-26
N003982,N006359,different,ops3,2025-03-18
N002817,N002819,same,ops1,2025-05-16
N002626,N002629,same,ops6,2025-05-29
N000262,N002156,different,ops2,2025-07-05
N000131,N003422,different,ops3,2025-03-13
N000852,N010531,different,ops4,2025-04-18
N003659,N005484,different,ops6,2025-09-10
N001115,N009773,different,ops4,2025-03-31
N010941,N010942,same,ops1,2025-06-20
N008101,N008840,different,ops4,2025-04-05
N005983,N009546,different,ops4,2025-05-25
N001180,N006053,different,ops1,2025-05-02
N004248,N005277,different,ops1,2025-03-20
N006025,N010086,different,ops4,2025-06-18
N002970,N007570,different,ops6,2025-05-06
N002439,N007343,different,ops5,2025-07-23
N001488,N005914,different,ops4,2025-07-23
N001624,N006762,different,ops5,2025-08-28
N004870,N006313,different,ops3,2025-03-13
N011017,N011020,same,ops4,2025-03-07
N002389,N002391,same,ops3,2025-07-06
N000672,N002056,different,ops1,2025-06-18
N003476,N004605,different,ops2,2025-05-12
N008022,N010492,different,ops1,2025-07-06
N009775,N009854,different,ops3,2025-04-30
N001443,N010092,different,ops5,2025-08-28
N008152,N008153,same,ops5,2025-09-16
N004151,N009894,different,ops4,2025-06-10
N009151,N011771,different,ops2,2025-04-04
N004672,N008166,different,ops1,2025-04-09
N005081,N007027,different,ops3,2025-07-13
N002173,N008545,different,ops5,2025-03-11
N003781,N003783,same,ops4,2025-05-09
N002084,N007552,different,ops2,2025-03-19
N004001,N004002,same,ops5,2025-03-20
N009163,N009439,different,ops2,2025-08-03
N002426,N003338,different,ops2,2025-03-24
N006423,N006425,same,ops1,2025-07-24
N007876,N009829,different,ops2,2025-04-12
N007687,N009311,different,ops6,2025-08-30
N001746,N002955,different,ops1,2025-08-06
N008284,N008285,same,ops3,2025-04-04
N001309,N011869,different,ops6,2025-05-18
N002589,N004081,different,ops4,2025-03-20
N005300,N006349,different,ops2,2025-09-13
N009455,N009456,same,ops2,2025-07-23
N004081,N010560,different,ops5,2025-04-15
N004306,N004307,same,ops3,2025-03-25
N000884,N011090,different,ops3,2025-04-07
N000010,N003634,different,ops2,2025-05-27
N002225,N011649,different,ops2,2025-06-10
N001484,N003224,different,ops1,2025-07-29
N008411,N008412,same,ops2,2025-05-27
N006804,N010502,different,ops5,2025-03-10
N009437,N010826,different,ops5,2025-08-18
N000335,N007009,different,ops5,2025-06-04
N002857,N005654,different,ops1,2025-09-11
N000078,N007325,different,ops1,2025-05-31
N000864,N005773,different,ops4,2025-08-04
N007718,N008135,different,ops5,2025-08-30
N006976,N010778,different,ops2,2025-05-21
N002774,N011414,different,ops1,2025-05-29
N004762,N010111,different,ops1,2025-06-10
N003908,N003909,same,ops5,2025-07-05
N000664,N000666,same,ops2,2025-06-12
N004323,N009954,different,ops1,2025-06-14
N010390,N011580,different,ops3,2025-04-20
N004880,N004881,same,ops3,2025-03-21
N000818,N006620,different,ops6,2025-08-21
N001043,N002862,different,ops2,2025-06-02
N000640,N011658,different,ops2,2025-08-23
N008018,N008676,different,ops6,2025-04-23
N002685,N002686,same,ops3,2025-08-22
N000449,N010133,different,ops1,2025-07-24
N004683,N007002,different,ops5,2025-04-27
N010844,N011602,different,ops5,2025-07-27
N002440,N002443,same,ops5,2025-05-01
N001357,N003372,different,ops4,2025-08-31
N010856,N010857,same,ops2,2025-03-05
N005262,N005263,same,ops2,2025-08-05
N000070,N004969,different,ops6,2025-05-30
N003615,N009126,different,ops4,2025-09-06
N003236,N006862,different,ops2,2025-05-16
N001257,N005818,different,ops4,2025-08-31
N001027,N005073,different,ops4,2025-05-27
N002169,N011831,different,ops3,2025-04-04
N002691,N005271,different,ops3,2025-04-14
N005141,N007639,different,ops1,2025-08-27
N000675,N005669,different,ops5,2025-05-26
N005337,N011060,different,ops2,2025-03-10
N001699,N004758,different,ops1,2025-06-01
N007012,N009759,different,ops6,2025-08-20
N004855,N004856,same,ops5,2025-04-03
N010491,N010492,same,ops2,2025-08-09
N003270,N006319,different,ops1,2025-09-01
N003144,N011859,different,ops2,2025-04-01
N000889,N000890,same,ops5,2025-06-24
N001432,N001435,same,ops2,2025-08-10
N008926,N010073,different,ops2,2025-04-18
N006903,N010093,different,ops3,2025-05-25
N000486,N000487,same,ops3,2025-03-12
N006198,N007366,different,ops5,2025-05-17
N004084,N004085,same,ops5,2025-05-04
N007902,N007976,different,ops3,2025-08-23
N002019,N002021,same,ops6,2025-05-09
N008725,N008728,same,ops5,2025-09-15
N001957,N001958,same,ops2,2025-07-11
N005497,N008336,different,ops6,2025-03-04
N009301,N009302,same,ops2,2025-08-24
N008499,N008952,different,ops2,2025-04-28
N002300,N003674,different,ops2,2025-03-10
N009680,N011001,different,ops3,2025-05-04
N005556,N006568,different,ops4,2025-04-03
N003574,N007121,different,ops2,2025-08-29
N004353,N004355,same,ops6,2025-05-28
N004438,N004442,same,ops2,2025-04-29
N004678,N004680,same,ops4,2025-08-10
N000056,N009414,different,ops5,2025-03-03
N005365,N009764,different,ops6,2025-03-02
N002248,N003503,different,ops2,2025-07-05
N010508,N010509,same,ops2,2025-06-19
N001817,N007306,different,ops5,2025-08-03
N003274,N007023,different,ops1,2025-05-24
N005079,N005080,same,ops3,2025-04-14
N000591,N011538,different,ops2,2025-08-27
N009925,N010387,different,ops4,2025-08-12
N001053,N002186,different,ops4,2025-07-15
N008562,N009324,different,ops6,2025-08-05
N000250,N003051,different,ops6,2025-04-06
N001525,N001678,different,ops5,2025-07-29
N008599,N008602,same,ops1,2025-07-30
N003942,N010918,different,ops5,2025-08-27
N002513,N007637,different,ops4,2025-03-11
N009703,N009705,same,ops6,2025-03-26
N004315,N009584,different,ops2,2025-03-30
N010620,N010621,same,ops1,2025-03-04
N008248,N008249,same,ops3,2025-03-11
N005222,N005225,same,ops5,2025-03-12
N002502,N002505,same,ops2,2025-08-19
N006200,N006201,same,ops5,2025-08-19
N000217,N002582,different,ops3,2025-08-05
N001207,N004094,different,ops2,2025-08-14
N005453,N010471,different,ops1,2025-03-25
N001063,N005024,different,ops3,2025-08-06
N000697,N005493,different,ops2,2025-07-22
N003555,N009272,different,ops4,2025-04-09
N005393,N007391,different,ops2,2025-04-29
N006121,N009928,different,ops5,2025-04-03
N004229,N006064,different,ops1,2025-06-14
N003265,N010005,different,ops1,2025-07-04
N007303,N007376,different,ops6,2025-03-20
N005512,N007327,different,ops1,2025-09-11
N009065,N011122,different,ops6,2025-06-06
N001376,N001377,same,ops5,2025-06-07
N000357,N000359,same,ops5,2025-07-05
N008677,N011938,different,ops6,2025-09-15
N002197,N002198,same,ops5,2025-05-02
N001905,N005873,different,ops5,2025-04-02
N007497,N007499,same,ops4,2025-03-28
N007334,N007335,same,ops6,2025-06-24
N002570,N005618,different,ops3,2025-04-20
N001074,N002707,different,ops6,2025-03-04
N003691,N004544,different,ops1,2025-03-29
N003415,N008452,different,ops1,2025-08-05
N011716,N011717,same,ops5,2025-05-15
N001083,N011985,different,ops6,2025-04-27
N011499,N011500,same,ops4,2025-05-09
N004212,N009766,different,ops6,2025-06-16
N002974,N006457,different,ops5,2025-03-28
N003854,N003855,same,ops2,2025-06-22
N005378,N005379,same,ops5,2025-05-22
N011829,N011830,same,ops6,2025-05-23
N005326,N006145,different,ops4,2025-03-10
N006145,N006146,same,ops1,2025-07-23
N002008,N003498,different,ops1,2025-03-03
N010513,N010514,same,ops2,2025-05-08
N000443,N006009,different,ops6,2025-06-24
N000043,N000050,same,ops1,2025-06-16
N008967,N008968,same,ops4,2025-05-13
N002801,N002802,same,ops4,2025-06-08
N000119,N009303,different,ops3,2025-08-16
N002058,N002059,same,ops3,2025-05-26
N001325,N009136,different,ops2,2025-05-10
N003642,N009092,different,ops3,2025-03-20
N004298,N004299,same,ops3,2025-05-02
N007729,N007732,same,ops4,2025-09-11
N007652,N008774,different,ops5,2025-07-11
N000834,N001578,different,ops1,2025-05-28
N002673,N009844,different,ops2,2025-08-24
N003008,N009152,different,ops6,2025-07-07
N001326,N001328,same,ops4,2025-05-09
N009445,N009562,different,ops1,2025-03-12
N005985,N009162,different,ops3,2025-08-16
N004071,N004072,same,ops5,2025-06-03
N000384,N002019,different,ops6,2025-07-29
N003494,N003495,same,ops6,2025-09-04
N005806,N011786,different,ops3,2025-05-04
N011420,N011984,different,ops3,2025-05-28
N006646,N009384,different,ops6,2025-06-29
N002639,N002640,same,ops6,2025-07-01
N006541,N009386,different,ops1,2025-06-19
N006760,N008055,different,ops3,2025-08-30
N001785,N004629,different,ops2,2025-06-30
N000741,N000745,same,ops3,2025-06-23
N008186,N009304,different,ops4,2025-09-03
N001323,N006364,different,ops1,2025-07-18
N003863,N010008,different,ops3,2025-08-08
N000058,N000184,different,ops5,2025-03-14
N000412,N004657,different,ops5,2025-07-09
N000926,N003644,different,ops2,2025-07-29
N004369,N008199,different,ops1,2025-06-02
N003450,N006996,different,ops3,2025-05-06
N004410,N006730,different,ops1,2025-05-11
N006041,N011988,different,ops4,2025-08-21
N004913,N010317,different,ops6,2025-07-22
N007995,N007997,same,ops3,2025-05-03
N001334,N006274,different,ops1,2025-03-06
N004939,N011284,different,ops3,2025-05-06
N005634,N006584,different,ops6,2025-04-30
N003301,N003302,same,ops2,2025-06-04
N002267,N010375,different,ops4,2025-07-24
N003158,N007300,different,ops6,2025-05-03
N002085,N007988,different,ops5,2025-03-20
N001118,N001120,same,ops6,2025-06-26
N000030,N006079,different,ops6,2025-06-10
N005137,N009628,different,ops5,2025-08-09
N004055,N008225,different,ops2,2025-08-31
N001879,N004065,different,ops5,2025-05-13
N000486,N011101,different,ops6,2025-09-15
N007430,N010330,different,ops3,2025-07-07
N006041,N009700,different,ops2,2025-03-21
N000297,N003849,different,ops3,2025-04-05
N003611,N007188,different,ops4,2025-07-19
N009978,N009979,same,ops1,2025-09-02
N001022,N001023,same,ops4,2025-08-13
N001629,N005005,different,ops1,2025-08-31
N002923,N007247,different,ops4,2025-06-03
N003164,N009587,different,ops5,2025-09-07
N006832,N010598,different,ops3,2025-06-09
N006511,N006512,same,ops1,2025-07-27
N002304,N009060,different,ops2,2025-09-15
N002106,N006701,different,ops6,2025-04-27
N006856,N006857,same,ops3,2025-07-02
N003821,N009085,different,ops4,2025-09-04
N004522,N009816,different,ops1,2025-07-09
N008514,N008515,same,ops5,2025-06-11
N008382,N009718,different,ops3,2025-05-09
N005805,N011332,different,ops1,2025-04-18
N004216,N004699,different,ops6,2025-05-05
N001432,N008873,different,ops6,2025-08-14
N002149,N003382,different,ops4,2025-08-27
N004731,N009345,different,ops6,2025-03-25
N002163,N002307,different,ops2,2025-03-25
N002952,N008752,different,ops3,2025-04-21
N000745,N005843,different,ops1,2025-08-02
N005260,N011019,different,ops5,2025-08-16
N002299,N009882,different,ops2,2025-03-13
N002171,N005867,different,ops6,2025-08-30
N005334,N007457,different,ops4,2025-07-08
N005304,N005305,same,ops2,2025-08-11
N005134,N005135,same,ops2,2025-05-22
N000982,N005390,different,ops6,2025-08-26
N002992,N009046,different,ops6,2025-07-13
N000628,N000633,same,ops4,2025-07-26
N000573,N006170,different,ops2,2025-06-11
N010406,N010408,same,ops5,2025-07-06
N002446,N002447,same,ops4,2025-07-21
N000735,N001335,different,ops5,2025-03-08
N008238,N011480,different,ops4,2025-05-11
N000321,N000443,different,ops6,2025-07-21
N007541,N007546,same,ops5,2025-08-25
N002683,N007848,different,ops4,2025-05-27
N009983,N009985,same,ops3,2025-07-14
N007568,N007570,same,ops3,2025-08-12
N005448,N005962,different,ops1,2025-07-21
N004767,N004768,same,ops6,2025-04-17
N007023,N007916,different,ops1,2025-06-26
N000315,N000316,same,ops6,2025-04-10
N001578,N002947,different,ops1,2025-03-07
N009857,N010711,different,ops6,2025-08-08
N002290,N003634,different,ops5,2025-04-20
N011438,N011440,same,ops6,2025-06-17
N010035,N011646,different,ops3,2025-09-14
N001295,N001296,same,ops4,2025-07-16
N005825,N010265,different,ops6,2025-04-11
N002351,N005508,different,ops2,2025-09-05
N011075,N011077,same,ops2,2025-04-25
N011335,N011336,same,ops5,2025-09-11
N000514,N011152,different,ops5,2025-05-24
N010762,N010766,same,ops3,2025-08-11
N001314,N003288,different,ops3,2025-06-30
N001403,N001405,same,ops3,2025-06-19
N010389,N010391,same,ops4,2025-09-12
N001258,N001261,same,ops3,2025-06-13
N003574,N011053,different,ops5,2025-03-26
N001484,N005371,different,ops4,2025-07-11
N005426,N005427,same,ops6,2025-04-06
N008443,N010211,different,ops2,2025-09-03
N005517,N011613,different,ops4,2025-07-20
N005828,N010514,different,ops1,2025-08-24
N011154,N011156,same,ops6,2025-03-17
N002595,N003310,different,ops3,2025-07-21
N008630,N011336,different,ops1,2025-07-26
N004951,N008794,different,ops2,2025-04-06
N000391,N004186,different,ops1,2025-05-14
N000166,N008677,different,ops3,2025-07-03
N009154,N011317,different,ops3,2025-06-29
N002589,N009612,different,ops4,2025-08-19
N008268,N009916,different,ops1,2025-04-11
N002316,N002317,same,ops6,2025-07-02
N006596,N011033,different,ops4,2025-07-27
N010106,N010107,same,ops1,2025-04-17
N008409,N008410,same,ops5,2025-06-24
N001937,N007430,different,ops2,2025-09-03
N000078,N006886,different,ops4,2025-05-29
N010999,N011001,same,ops3,2025-03-28
N001357,N010788,different,ops6,2025-06-26
N000906,N011149,different,ops4,2025-04-09
N003435,N009318,different,ops6,2025-07-14
N002916,N004445,different,ops2,2025-06-30
N003770,N011367,different,ops2,2025-07-21
N010980,N010981,same,ops2,2025-06-06
N005040,N005041,same,ops3,2025-09-06
N008937,N008938,same,ops5,2025-03-24
N002071,N006588,different,ops1,2025-05-08
N010261,N011914,different,ops1,2025-08-14
N000670,N000671,same,ops1,2025-06-24
N000489,N007029,different,ops3,2025-03-04
N007633,N010942,different,ops1,2025-07-16
N005243,N006569,different,ops3,2025-09-04
N001083,N001567,different,ops5,2025-09-10
N000282,N006591,different,ops5,2025-07-14
N003362,N003364,same,ops1,2025-05-27
N005927,N008816,different,ops4,2025-07-06
N001289,N001291,same,ops3,2025-04-21
N005231,N005232,same,ops4,2025-06-19
N003835,N003837,same,ops5,2025-08-29
N004167,N005115,different,ops3,2025-03-20
N002040,N003281,different,ops3,2025-04-03
N002605,N010853,different,ops4,2025-03-24
N011139,N011793,different,ops6,2025-07-25
N001458,N002506,different,ops2,2025-06-04
N007148,N011853,different,ops2,2025-07-20
N001791,N008583,different,ops1,2025-03-13
N008993,N008995,same,ops2,2025-03-15
N004043,N004218,different,ops3,2025-05-16
N011601,N011603,same,ops6,2025-03-16
N002945,N010292,different,ops3,2025-06-13
N006385,N011130,different,ops6,2025-07-13
N006764,N009477,different,ops5,2025-07-02
N004409,N011892,different,ops6,2025-08-25
N000023,N002700,different,ops3,2025-08-17
N001669,N003264,different,ops1,2025-05-05
N002831,N008460,different,ops4,2025-04-08
N004184,N005163,different,ops1,2025-04-11
N009665,N011482,different,ops2,2025-09-11
N000340,N009553,different,ops5,2025-06-27
N002043,N008828,different,ops3,2025-05-24
N003466,N003469,same,ops1,2025-03-05
N005064,N005067,same,ops1,2025-03-25
N000030,N007467,different,ops6,2025-06-04
N011900,N011901,same,ops2,2025-06-18
N006901,N008943,different,ops5,2025-05-09
N003415,N005750,different,ops1,2025-06-04
N005350,N005352,same,ops5,2025-07-08
N007614,N008823,different,ops3,2025-08-07
N004333,N008255,different,ops4,2025-06-21
N009495,N009521,different,ops1,2025-09-01
N006462,N006463,same,ops5,2025-09-05
N001629,N008262,different,ops1,2025-09-09
N002516,N010795,different,ops5,2025-06-13
N006622,N006623,same,ops5,2025-03-25
N010081,N010082,same,ops4,2025-07-27
N007560,N007561,same,ops4,2025-05-05
N005941,N006998,different,ops3,2025-04-05
N004062,N004438,different,ops4,2025-04-24
N000990,N002973,different,ops2,2025-08-23
N008321,N008641,different,ops6,2025-03-30
N008561,N008562,same,ops1,2025-06-22
N001360,N001361,same,ops5,2025-08-30
N008993,N008994,same,ops4,2025-09-14
N005108,N005109,same,ops6,2025-07-04
N001983,N001984,same,ops2,2025-04-28
N006038,N009049,different,ops5,2025-05-07
N001413,N007076,different,ops4,2025-06-06
N005772,N005776,same,ops1,2025-05-22
N000237,N009075,different,ops6,2025-05-22
N011043,N011048,same,ops1,2025-07-02
N004742,N006981,different,ops1,2025-07-17
N004801,N004802,same,ops5,2025-03-27
N003994,N003995,same,ops2,2025-03-20
N000643,N009675,different,ops6,2025-06-25
N006086,N006087,same,ops2,2025-07-20
N000266,N010102,different,ops1,2025-04-26
N005028,N009701,different,ops6,2025-07-31
N009670,N009671,same,ops4,2025-06-16
N001005,N001804,different,ops4,2025-04-21
N005314,N010609,different,ops1,2025-04-10
N000417,N000419,same,ops1,2025-03-10
N011041,N011048,same,ops6,2025-09-12
N000992,N001435,different,ops3,2025-07-28
N004107,N008166,different,ops6,2025-08-04
N002590,N002591,same,ops3,2025-08-16
N005119,N005121,same,ops4,2025-06-15
N002826,N007185,different,ops1,2025-09-13
N009349,N009350,same,ops2,2025-04-06
N003121,N005007,different,ops6,2025-07-18
N002947,N003566,different,ops6,2025-03-14
N000485,N000488,same,ops5,2025-03-10
N004349,N011691,different,ops4,2025-09-01
N011281,N011282,same,ops4,2025-05-29
N003865,N009372,different,ops4,2025-08-21
N001198,N010109,different,ops3,2025-04-10
N011975,N011976,same,ops5,2025-08-27
N006419,N007183,different,ops1,2025-08-22
N010407,N010605,different,ops4,2025-06-25
N009079,N010570,different,ops2,2025-04-17
N001415,N006560,different,ops4,2025-05-22
N001653,N001654,same,ops4,2025-04-19
N003355,N003823,different,ops2,2025-05-08
N000355,N005276,different,ops3,2025-07-31
N007573,N007574,same,ops2,2025-06-26
N007999,N008002,same,ops1,2025-04-22
N007057,N010814,different,ops1,2025-05-31
N000264,N009708,different,ops4,2025-05-11
N008825,N008828,same,ops2,2025-06-26
N001284,N006893,different,ops2,2025-07-21
N011033,N011035,same,ops6,2025-04-24
N004348,N004349,same,ops2,2025-08-26
N004177,N010930,different,ops5,2025-07-11
N003845,N003847,same,ops3,2025-09-07
N004106,N004107,same,ops4,2025-06-10
N007911,N009413,different,ops2,2025-04-29
N001010,N001011,same,ops4,2025-03-24
N009213,N010572,different,ops6,2025-07-03
N006364,N006366,same,ops4,2025-03-27
N001447,N003703,different,ops1,2025-08-18
N009727,N010185,different,ops2,2025-06-27
N000605,N002652,different,ops3,2025-07-26
N004016,N004017,same,ops3,2025-04-29
N010689,N011576,different,ops6,2025-06-24
N001733,N001734,same,ops3,2025-07-20
N004845,N007461,different,ops6,2025-08-11
N010880,N010881,same,ops5,2025-05-14
N000498,N001176,different,ops5,2025-06-15
N001285,N003729,different,ops4,2025-07-10
N006173,N008196,different,ops2,2025-06-23
N008110,N009707,different,ops4,2025-03-23
N007193,N010619,different,ops6,2025-07-28
N000561,N003679,different,ops6,2025-04-27
N003026,N003027,same,ops6,2025-04-14
N004552,N004553,same,ops5,2025-06-16
N007647,N009169,different,ops3,2025-04-11
N005744,N010823,different,ops2,2025-03-18
N001880,N002772,different,ops4,2025-07-11
N003351,N006982,different,ops2,2025-04-30
N006591,N011935,different,ops6,2025-05-23
N008482,N010584,different,ops2,2025-08-23
N005814,N006544,different,ops1,2025-05-10
N006622,N006638,different,ops4,2025-07-30
N008603,N010598,different,ops6,2025-05-16
N000753,N000755,same,ops3,2025-09-15
N006153,N009437,different,ops3,2025-03-18
N002548,N010207,different,ops1,2025-07-19
N004026,N010431,different,ops4,2025-05-14
N000339,N002440,different,ops2,2025-04-10
N000964,N008611,different,ops3,2025-07-05
N001833,N004195,different,ops1,2025-04-13
N001282,N004950,different,ops2,2025-04-18
N000030,N009868,different,ops4,2025-04-11
N001010,N004708,different,ops4,2025-03-15
N000566,N008517,different,ops2,2025-05-22
N011092,N011095,same,ops2,2025-04-27
N001983,N009014,different,ops3,2025-03-17
N005044,N005045,same,ops4,2025-07-31
N003201,N003203,same,ops1,2025-07-14
N000238,N001915,different,ops5,2025-08-19
N000461,N004754,different,ops1,2025-08-27
N000135,N010890,different,ops3,2025-05-01
N011414,N011759,different,ops3,2025-09-06
N003751,N007825,different,ops6,2025-06-22
N006774,N009531,different,ops2,2025-06-28
N000516,N006620,different,ops6,2025-07-17
N004325,N004949,different,ops5,2025-05-10
N000557,N004353,different,ops2,2025-04-18
N000286,N008208,different,ops1,2025-09-08
N002691,N010535,different,ops5,2025-08-06
N000490,N006570,different,ops1,2025-04-23
N005692,N009368,different,ops2,2025-09-02
N006324,N006325,same,ops4,2025-04-21
N004951,N011682,different,ops3,2025-08-21
N010982,N010985,same,ops4,2025-05-16
N009834,N009835,same,ops5,2025-06-23
N003500,N003501,same,ops5,2025-03-15
N010499,N011269,different,ops3,2025-04-02
N005257,N010502,different,ops4,2025-05-24
N003920,N006487,different,ops4,2025-03-31
N011834,N011835,same,ops1,2025-04-02
N004364,N007454,different,ops1,2025-06-09
N004158,N008744,different,ops5,2025-03-27
N005771,N006045,different,ops4,2025-05-26
N001865,N011525,different,ops5,2025-04-14
N001362,N001363,same,ops3,2025-03-19
N009863,N009866,same,ops1,2025-07-21
N000175,N002508,different,ops6,2025-09-07
N006545,N006546,same,ops4,2025-04-26
N000215,N005986,different,ops1,2025-06-04
N004433,N011613,different,ops5,2025-06-21
N000064,N010912,different,ops6,2025-07-05
N008572,N009975,different,ops6,2025-07-10
N000431,N001948,different,ops5,2025-05-15
N002598,N004139,different,ops3,2025-08-20
N007063,N007064,same,ops6,2025-04-09
N008238,N008239,same,ops1,2025-05-13
N000518,N009485,different,ops4,2025-06-03
N003093,N003735,different,ops1,2025-07-22
N001977,N007620,different,ops3,2025-07-02
N009205,N009208,same,ops1,2025-05-06
N003317,N010218,different,ops4,2025-05-02
N006112,N006266,different,ops3,2025-07-03
N003208,N003758,different,ops2,2025-05-08
N008188,N008190,same,ops2,2025-07-23
N003051,N011987,different,ops2,2025-05-04
N001446,N004867,different,ops3,2025-05-25
N000895,N009304,different,ops5,2025-06-09
N000161,N010769,different,ops2,2025-06-25
N003327,N003328,same,ops3,2025-08-20
N008176,N010603,different,ops3,2025-04-29
N001633,N001634,same,ops6,2025-06-25
N004001,N007546,different,ops3,2025-03-17
N000937,N000938,same,ops2,2025-05-23
N008048,N008050,same,ops6,2025-06-01
N004328,N008917,different,ops3,2025-08-13
N004757,N008828,different,ops5,2025-06-29
N005397,N005398,same,ops2,2025-07-01
N001291,N007292,different,ops5,2025-09-11
N007205,N007207,same,ops2,2025-04-20
N002229,N011361,different,ops6,2025-05-13
N005375,N005716,different,ops6,2025-04-27
N002758,N002818,different,ops6,2025-06-30
N009564,N011151,different,ops5,2025-09-11
N008487,N008488,same,ops5,2025-03-31
N007856,N007858,same,ops2,2025-04-13
N000647,N001025,different,ops4,2025-07-12
N003489,N010336,different,ops5,2025-08-08
N000327,N009318,different,ops4,2025-06-19
N005431,N006150,different,ops2,2025-03-26
N002684,N004549,different,ops3,2025-05-13
N005744,N007062,different,ops2,2025-06-10
N004248,N011184,different,ops6,2025-03-17
N003020,N003021,same,ops1,2025-07-11
N000160,N003947,different,ops3,2025-07-20
N006712,N008335,different,ops1,2025-04-07
N000843,N005365,different,ops2,2025-06-10
N011628,N011629,same,ops6,2025-07-05
N000026,N011332,different,ops3,2025-08-11
N003058,N009240,different,ops1,2025-06-28
N000396,N000397,same,ops4,2025-09-09
N006146,N006401,different,ops3,2025-07-15
N007004,N011967,different,ops3,2025-06-18
N002229,N002230,same,ops1,2025-03-28
N002088,N011862,different,ops3,2025-07-07
N004709,N004711,same,ops1,2025-04-26
N001940,N002621,different,ops4,2025-05-30
N004803,N004804,same,ops6,2025-03-02
N003748,N011207,different,ops4,2025-05-12
N001623,N010411,different,ops4,2025-04-05
N002821,N007053,different,ops3,2025-07-02
N001977,N006802,different,ops3,2025-05-14
N000993,N011320,different,ops3,2025-03-12
N008784,N011076,different,ops6,2025-05-09
N001137,N005072,different,ops2,2025-04-24
N007487,N007491,same,ops5,2025-05-03
N002401,N005487,different,ops5,2025-04-28
N001101,N002086,different,ops3,2025-06-09
N004655,N010935,different,ops3,2025-04-26
N004085,N004086,same,ops2,2025-05-23
N003125,N003127,same,ops6,2025-05-15
N001101,N001666,different,ops4,2025-03-19
N001141,N001142,same,ops4,2025-04-07
N006480,N008863,different,ops5,2025-04-23
N000817,N011666,different,ops3,2025-09-07
N000219,N003185,different,ops4,2025-08-03
N001988,N006863,different,ops2,2025-05-13
N009478,N009479,same,ops3,2025-07-29
N001784,N005288,different,ops1,2025-08-29
N001436,N002155,different,ops2,2025-03-12
N006423,N011777,different,ops6,2025-04-08
N006565,N006569,same,ops1,2025-08-07
N003427,N006396,different,ops4,2025-04-20
N009745,N009848,different,ops1,2025-03-18
N002762,N002765,same,ops1,2025-05-17
N000065,N000124,different,ops3,2025-06-23
N001140,N008945,different,ops3,2025-03-14
N002973,N002974,same,ops6,2025-08-08
N006774,N006775,same,ops3,2025-08-11
N011429,N011433,same,ops1,2025-07-02
N009822,N009823,same,ops5,2025-08-09
N009371,N009372,same,ops2,2025-03-25
N001006,N009138,different,ops4,2025-04-18
N000723,N009281,different,ops5,2025-08-20
N000259,N003124,different,ops3,2025-08-20
N002544,N002792,different,ops1,2025-07-01
N002931,N008664,different,ops6,2025-04-03
N000990,N002132,different,ops1,2025-04-08
N005946,N007449,different,ops1,2025-05-01
N004307,N010960,different,ops3,2025-04-24
N005835,N008645,different,ops4,2025-08-07
N001422,N004687,different,ops4,2025-04-23
N007233,N007728,different,ops3,2025-04-18
N009592,N009782,different,ops1,2025-07-29
N011533,N011534,same,ops2,2025-05-31
N005300,N005301,same,ops1,2025-07-30
N005855,N007938,different,ops2,2025-07-26
N007921,N007922,same,ops5,2025-03-16
N001521,N006976,different,ops1,2025-09-01
N000725,N008406,different,ops6,2025-04-11
N004174,N006820,different,ops6,2025-05-25
N000607,N004665,different,ops6,2025-05-10
N003228,N006079,different,ops1,2025-07-20
N010506,N010507,same,ops4,2025-07-22
N010699,N010700,same,ops3,2025-08-23
N001185,N004181,different,ops2,2025-04-20
N005027,N005028,same,ops3,2025-03-10
N001758,N009092,different,ops5,2025-08-26
N002928,N003582,different,ops5,2025-05-05
N003050,N008741,different,ops6,2025-08-20
N004158,N011487,different,ops3,2025-06-24
N000139,N007621,different,ops5,2025-05-23
N007036,N007038,same,ops1,2025-06-28
N002201,N002648,different,ops5,2025-05-24
N000003,N000843,different,ops4,2025-07-10
N007190,N008966,different,ops4,2025-04-11
N010033,N010034,same,ops2,2025-03-30
N005989,N005990,same,ops4,2025-04-02
N002242,N004023,different,ops3,2025-05-24
N000443,N004578,different,ops4,2025-08-10
N005743,N005744,same,ops6,2025-08-10
N003903,N006662,different,ops3,2025-08-29
N011033,N011036,same,ops6,2025-05-11
N006643,N006644,same,ops5,2025-07-06
N003720,N006775,different,ops6,2025-05-28
N003418,N007053,different,ops2,2025-06-11
N003804,N005139,different,ops6,2025-04-23
N002540,N007668,different,ops1,2025-06-22
N008366,N008369,same,ops5,2025-06-21
N010742,N010743,same,ops2,2025-06-02
N004746,N004760,different,ops1,2025-03-06
N007368,N009303,different,ops5,2025-05-15
N007396,N007397,same,ops1,2025-05-22
N001143,N009969,different,ops2,2025-08-16
N002468,N002469,same,ops3,2025-03-14
N007220,N011663,different,ops1,2025-03-08
N005926,N007181,different,ops2,2025-06-05
N003437,N005168,different,ops1,2025-05-16
N000355,N000372,different,ops1,2025-03-05
N010682,N010683,same,ops6,2025-03-23
N004567,N008956,different,ops2,2025-08-05
N008093,N008094,same,ops6,2025-07-01
N004447,N004449,same,ops6,2025-08-11
N001475,N004007,different,ops6,2025-04-07
N001138,N009030,different,ops4,2025-03-29
N004140,N010723,different,ops1,2025-09-01
N007477,N007828,different,ops2,2025-08-16
N008284,N009896,different,ops4,2025-04-27
N006759,N008551,different,ops1,2025-06-03
N004856,N010634,different,ops5,2025-06-08
N003022,N010880,different,ops4,2025-05-28
N001271,N001372,different,ops3,2025-06-10
N002952,N006725,different,ops1,2025-04-28
N009630,N010560,different,ops5,2025-03-23
N002342,N008733,different,ops4,2025-05-16
N002631,N007528,different,ops4,2025-04-29
N002957,N003701,different,ops5,2025-08-25
N011515,N011516,same,ops4,2025-08-14
N004013,N005436,different,ops3,2025-03-30
N010144,N010145,same,ops2,2025-07-18
N004509,N004511,same,ops5,2025-08-04
N003868,N011674,different,ops6,2025-07-02
N008357,N009838,different,ops4,2025-05-24
N005241,N005242,same,ops5,2025-09-08
N008230,N009234,different,ops4,2025-08-18
N000666,N000923,different,ops6,2025-07-11
N003267,N005780,different,ops6,2025-08-06
N001044,N001720,different,ops5,2025-07-13
N011522,N011523,same,ops1,2025-07-21
N009330,N010526,different,ops2,2025-04-01
N003319,N008808,different,ops2,2025-08-13
N006178,N006182,same,ops4,2025-03-31
N002814,N005953,different,ops1,2025-06-04
N007615,N007616,same,ops5,2025-07-15
N007876,N007877,same,ops2,2025-05-10
N004729,N004730,same,ops3,2025-06-04
N005862,N006116,different,ops2,2025-09-13
N000562,N005787,different,ops4,2025-07-17
N007575,N009140,different,ops2,2025-07-21
N011000,N011001,same,ops1,2025-08-24
N006167,N009175,different,ops5,2025-03-30
N004662,N009916,different,ops3,2025-08-20
N010431,N010432,same,ops5,2025-03-10
N001509,N001510,same,ops3,2025-04-18
N000737,N002287,different,ops1,2025-04-12
N001764,N001765,same,ops2,2025-06-07
N004877,N006275,different,ops4,2025-04-10
N002351,N006165,different,ops3,2025-07-06
N009140,N009547,different,ops5,2025-07-28
N007104,N007105,same,ops3,2025-05-04
N000463,N000465,same,ops5,2025-05-30
N001124,N011201,different,ops4,2025-08-18
N004151,N010614,different,ops3,2025-03-08
N003957,N007645,different,ops6,2025-03-08
N003941,N009735,different,ops6,2025-07-19
N000647,N008088,different,ops4,2025-03-30
N002017,N005475,different,ops6,2025-07-23
N000323,N006510,different,ops6,2025-08-28
N008539,N008542,same,ops5,2025-06-06
N002578,N006004,different,ops3,2025-07-21
N001918,N002086,different,ops2,2025-05-07
N002507,N002508,same,ops1,2025-05-26
N001934,N011090,different,ops2,2025-05-21
N004269,N011588,different,ops6,2025-09-03
N005629,N006728,different,ops5,2025-05-06
N008009,N008010,same,ops1,2025-05-10
N009840,N009841,same,ops3,2025-05-10
